mp3文件名,歌曲名
71ff71526d15db86eb50fcac245d183b.mp3,国歌
71ff71526d15db86eb50fcac245d188b.mp3,国歌
71ff71526d15db86eb50fcac245d193b.mp3,国歌
71ff71526d15db86eb50fcac245d198b.mp3,国歌
71ff71526d15db86eb50fcac245d203b.mp3,国歌
71ff71526d15db86eb50fcac245d208b.mp3,国歌
71ff71526d15db86eb50fcac245d210b.mp3,国歌
71ff71526d15db86eb50fcac245d215b.mp3,国歌
71ff71526d15db86eb50fcac245d220b.mp3,国歌
71ff71526d15db86eb50fcac245d225b.mp3,国歌
71ff71526d15db86eb50fcac245d231b.mp3,国歌
71ff71526d15db86eb50fcac245d236b.mp3,国歌
71ff71526d15db86eb50fcac245d241b.mp3,国歌
71ff71526d15db86eb50fcac245d246b.mp3,国歌
71ff71526d15db86eb50fcac245d251b.mp3,国歌
71ff71526d15db86eb50fcac245d256b.mp3,国歌
71ff71526d15db86eb50fcac245d261b.mp3,国歌
71ff71526d15db86eb50fcac245d266b.mp3,国歌
71ff71526d15db86eb50fcac245d271b.mp3,国歌
71ff71526d15db86eb50fcac245d276b.mp3,国歌
71ff71526d15db86eb50fcac245d281b.mp3,国歌
71ff71526d15db86eb50fcac245d286b.mp3,国歌
71ff71526d15db86eb50fcac245d291b.mp3,国歌
71ff71526d15db86eb50fcac245d296b.mp3,国歌
71ff71526d15db86eb50fcac245d301b.mp3,茉莉花
71ff71526d15db86eb50fcac245d306b.mp3,茉莉花
71ff71526d15db86eb50fcac245d311b.mp3,茉莉花
71ff71526d15db86eb50fcac245d316b.mp3,茉莉花
71ff71526d15db86eb50fcac245d321b.mp3,茉莉花
71ff71526d15db86eb50fcac245d322b.mp3,茉莉花
71ff71526d15db86eb50fcac245d323b.mp3,粉红色的回忆
71ff71526d15db86eb50fcac245d324b.mp3,粉红色的回忆
71ff71526d15db86eb50fcac245d325b.mp3,粉红色的回忆
71ff71526d15db86eb50fcac245d326b.mp3,粉红色的回忆
